gene,generated_moran_i,target_moran_i
1700057H15Rik,0.30874890653493575,0.006201583261799715
2610028E06Rik,0.03578635065295344,-0.0005335176653126079
2900052N01Rik,0.37493097807056286,0.029531733847812058
4921534H16Rik,0.16765002194507211,-0.0019243963044866105
4921539H07Rik,0.8336619692259277,0.31718381225341036
4930426D05Rik,0.1372238161337309,0.0054086086048280675
4930438E09Rik,0.17082718126449709,0.0017104593568871723
4930452B06Rik,0.26818269365463643,0.04160609442261023
4930467D21Rik,0.32124966014226874,0.004051923933188592
4930509J09Rik,0.11657344452481284,0.0030766657280104225
5830418P13Rik,0.23290070818671557,0.046216748301989435
6430628N08Rik,0.24683723773251576,0.07735370796323407
6530403H02Rik,0.17220697637000024,0.014042200487787381
9330158H04Rik,0.11133267160426556,0.001901023462988845
9630002D21Rik,0.07269122752801398,0.001996368670313289
A2m,0.8811821154754118,0.35912674241296255
A330076C08Rik,0.10668959146341356,0.0045773132153552705
A630012P03Rik,0.09617480364902646,0.004138010216986761
A730046J19Rik,0.06998862488745917,0.005515496513899741
A830009L08Rik,0.18971588779980103,0.04192660159929958
A830019P07Rik,0.13317705423885137,0.002661376152528205
A830036E02Rik,0.4411475679147002,0.2113139179639226
AW551984,0.4241774964076908,0.11391372219232429
Abca8a,0.5072788516764537,0.024565481230504733
Abcc9,0.06810611143764954,0.0031402948768284675
Abhd12b,0.2647086388540777,0.07072858988492811
Abi3bp,0.2951684420989513,0.08643086020618283
Acsbg1,0.22884695406727787,0.09398470991184066
Acta2,0.6331050658884226,0.20784135203277224
Actn2,0.4605821507394542,0.1795574415706999
Acvr1c,0.5136889778988283,0.037219921906923054
Adad1,0.14506630958165792,0.004123698047621297
Adam12,0.24483307634684323,0.05243616127180377
Adam18,0.06098542816011025,0.003066274718490594
Adam33,0.4078638300515949,0.18793737748493286
Adamts12,0.1925819460599558,0.0010784376244069014
Adamts16,0.2801812729276356,0.07827599615195549
Adamts18,0.2104365015749664,0.050907608990092244
Adamts19,0.28301272285502005,0.16214132648508015
Adamts2,0.3107986643038493,0.13642090715950728
Adamts9,0.24885384967430468,0.05646674829033964
Adamtsl1,0.6420590916336544,0.10679354323967112
Adamtsl3,0.37547342705359094,0.04004397658652346
Adcy2,0.5456256518189981,0.2372698449348696
Adcy7,0.09496720473884107,0.027707991431718128
Adcy8,0.37291946053913716,0.15340404239063157
Adcyap1,0.2944865372815786,0.099135808541754
Adgrd1,0.1287729454838612,0.05793651155295206
Adgrf5,0.04903357466162567,0.027113949579552304
Adgrg2,0.21341562860153174,0.0016273562644058
Adgrg6,0.2644069313103241,0.03337939459346141
Adgrl2,0.46788738392703294,0.20628216192845222
Adgrv1,0.7362979049295683,0.3028612357501043
Adh5,0.3761521856237279,0.006959562529388548
Adora1,0.5143820461851528,0.20697975536650365
Adora2a,0.22072137898840546,0.23680051867339175
Adra1a,0.12982368000505803,0.026103672411294843
Adra1b,0.24792876367834568,0.08003823157051598
Adra2a,0.30830944575848923,0.06460530980525098
Aff2,0.3955672999153994,0.03877302935892843
Agt,0.3605951018484043,0.23405404530952487
Agtr1a,0.17736484389375257,0.0021234299703320938
Agtr2,0.18609104874905316,-0.001039613685103676
Akain1,0.27870161861180853,0.02778377526267857
Akr7a5,0.3282776275973538,0.02488733991760827
Aldh1a3,0.3331491341148643,0.03526567577646415
Aldh1l1,0.19618041918420645,0.04745091696587707
Aldh3b2,0.19216871120947812,0.049817824451203904
Alk,0.21366076155621644,0.08985379810847946
Alox8,0.25670036016125647,0.008321154187071234
Alpk2,0.1557152552931641,0.011395994649998133
Amigo2,0.44293774451763396,0.09625634093232813
Angpt1,0.23873016617442497,0.006854349233473907
Ankfn1,0.5086710581708551,0.16361027594520647
Ankrd63,0.49568026911976987,0.14223097116785782
Ano1,0.21899630593613897,0.03985951091282586
Ano2,0.34538895685287163,0.03871283767360064
Antxr2,0.39372211007778224,-0.0003150773093782803
Anxa2,0.5749123582012632,0.440187496033229
Apela,0.17075417832288145,0.005036287996352072
Apex1,0.3889219003851693,0.06510008270054925
Apold1,0.09336395258912314,0.004535876185712578
Aqp1,0.9068524871018054,0.5005610016277061
Aqp4,0.29385101513308237,0.13840611913494477
Aqp6,0.12644786977094616,0.005842223763793202
Ar,0.4649849710894363,0.060545405745043766
Arhgap15,0.0872731884155848,0.003367008142239006
Arhgap22,0.1424124096327725,0.01954373231033491
Arhgap25,0.1956384176852527,0.0914667444722208
Arhgap28,0.5336332352036606,0.09388008672262682
Arhgap36,0.33249731592403237,0.07826951218735544
Arhgef26,0.39625360066407633,0.06004061031221943
Arhgef38,0.12733789551331107,0.006015394032467539
Arntl,0.39302199281069256,0.065069838082996
Arsj,0.3525043133666155,0.06923589561806069
Arx,0.14707804903487137,0.0708170912960187
Asb2,0.27816529860732075,0.07141577074650209
Asb4,0.3933950748235088,0.052301777903830796
Ascl1,0.11373162722048481,0.04641828000248633
Asic4,0.18316781841581778,0.07473299914944981
Atp10a,0.1049237163419138,0.03878917204354053
Atp6ap1l,0.34623645842955714,0.10209738621221161
Atp6v1c2,0.4215597235934165,0.16497196651732957
Avpr1a,0.21649864389921497,0.07712189356686501
B020031H02Rik,0.2314034167044542,0.1012926818617241
B230323A14Rik,0.3815885153266223,0.16463582409925356
B930025P03Rik,0.2814755808462025,0.0024247968751361006
B9d2,0.2941140086305944,0.0511816184210592
Bace2,0.49160968808577843,0.013235203295384157
Baiap3,0.5259701076690995,0.36677833713474994
Barhl1,0.4237016131169051,0.0752934068739604
Barhl2,0.2482007636394729,0.10775371052737935
Barx2,0.4153739707407985,0.10869855553857588
Baz1a,0.18562294745210878,0.01288371777586135
Bcl11a,0.6311819695126855,0.37723715780093164
Bcl11b,0.7328276118468259,0.2472865738284813
Bcl6,0.44422051813406455,0.11504187691424109
Bdnf,0.5222792668331838,0.08584474258306167
Bhlhe22,0.6702571701041184,0.26857248563627323
Bhlhe23,0.09924190158606395,0.012654064804840014
Blnk,0.12168368343108885,0.03572658922839598
Bmp2,0.24716156327849184,0.026687321417776046
Bmp3,0.24804980191541715,0.006127093324105127
Bmp4,0.33887779477896685,0.055925784748140035
Bmp6,0.7262417305028234,0.21258160732261155
Bmpr1b,0.24371400450022346,0.02550825229616343
Bnc2,0.44825746828749824,0.040337167858883444
Boc,0.36891966592166814,0.18186425449373253
Brs3,0.12234165130724478,0.005994756255975979
Bsx,0.30172778911458387,0.17473611832985314
Bves,0.43480843869726965,0.03526593222807888
C030029H02Rik,0.6889105536843734,0.1295287893959548
C130074G19Rik,0.32443575904646926,0.19797883059921642
C1ql1,0.114761290767245,0.014756179881525701
C1ql2,0.8535191079944344,0.6052296806034798
C1ql3,0.5949330370373911,0.08118727218679621
C1qtnf7,0.27567501394483257,0.018046683769509193
C230014O12Rik,0.3155205030454366,0.012734522241725369
C7,0.15078202846292874,0.01309305194618659
C730002L08Rik,0.26432516655586,0.18097239067877477
Cacng5,0.289969387616255,0.07279574406365122
Calb1,0.4468880394530957,0.2446591164309131
Calb2,0.3656556131432548,0.3418663010174392
Calcr,0.343313376228835,0.04114912703797997
Calcrl,0.19437484335452512,0.00515835186056061
Caln1,0.5821823112322829,0.25121136449561693
Car12,0.7620987738240673,0.4222836423010115
Car3,0.37808461103778385,0.4584443596200391
Car4,0.26673685199482844,0.1304043371305293
Car8,0.11167914766915137,0.023599634270829575
Cartpt,0.3153993086015765,0.13032115694766622
Casq2,0.20124744341403447,0.011807133086580907
Casr,0.14798291024876822,0.01549211867009121
Casz1,0.3493376467453495,0.04621224698650914
Catsperd,0.1282320242207401,0.005379408744515156
Cbln1,0.5062823840609127,0.3814576037192539
Cbln2,0.38383164917814244,0.2151195460888768
Cbln4,0.460007096575432,0.31902172103771176
Ccbe1,0.680769729821363,0.17272162067039828
Ccdc141,0.2600949760131154,0.03891459387562679
Ccdc187,0.5084544430887641,0.35980175261181363
Ccdc192,0.08627404850879665,0.018486444451859606
Ccdc3,0.5756345509190715,0.24104589574964633
Ccdc42,0.41333787125742794,0.13253407959615135
Ccdc80,0.2414939094770062,0.06441459892111376
Cckar,0.22930383802888388,0.028627899113312545
Cckbr,0.5147715555607558,0.28105360626787224
Ccn2,0.19216538903837485,0.0728628654780404
Ccn3,0.5248165391998063,0.3221633472943589
Ccn4,0.32062803226072484,0.051180324254027264
Ccnb1,0.23600627271936206,0.005058450111373474
Ccnd2,0.5680879325735546,0.11020898892061091
Cd247,0.155847684744687,0.007247858049974328
Cd24a,0.6566610976861759,0.20188380751808271
Cd34,0.2873849538370833,0.10864683575703253
Cd36,0.3168519863182633,0.013323536740773035
Cd44,0.3970324845372041,0.012594367247139526
Cd79a,0.2083278943046883,0.007026243329754678
Cdc14a,0.33423422551788223,0.014749666289211205
Cdh20,0.4358062506880645,0.0688644542196458
Cdh23,0.251991397667065,0.1266387646154221
Cdh3,0.47200825500268684,0.24547209480555046
Cdh6,0.39688751488420915,0.04444809543403568
Cdh9,0.5337539494701775,0.13550107920620238
Cdhr1,0.4243617413931559,0.05362083936279725
Cdk15,0.18197687846727023,0.004560460510756797
Cdkn1a,0.2857718190599821,0.0827040474513454
Cdkn1c,0.6236944690682665,0.4360815404979759
Cfap206,0.6895596566317564,0.31508181842549243
Cftr,0.13561701343803836,0.009864715090663192
Cgnl1,0.6011922131804225,0.4218210497073692
Chat,0.11103690258343107,0.003492456464386935
Chn2,0.6575318425381491,0.11057973154950652
Chodl,0.18572037067838645,0.016782147646752902
Chrdl1,0.31192591181848556,0.03508788206591926
Chrm1,0.595750628009109,0.33010123192439034
Chrm2,0.34101640409084816,0.08358101856403752
Chrm3,0.6840856502437331,0.2954378386966921
Chrna2,0.05098907986703972,0.009095134038200003
Chrna3,0.14424535464085142,-0.0020779705665553974
Chrna4,0.26722295018506736,0.14710305491818418
Chrna5,0.3358186191585018,0.00663603398756147
Chrna6,0.12113690951903072,0.03076280820227995
Chrna7,0.4524958873794361,0.1928481261384766
Chrnb3,0.28590583498218014,0.01006919284228872
Chst9,0.3568913026539956,0.06075580876429287
Cidea,0.3403123551286229,0.05599844152388032
Cited1,0.17436301968702062,0.01630764793028877
Ckap2l,0.10910347324796443,0.00524642375409477
Cldn11,0.7491087668536699,0.32000463377810895
Cldn5,0.08893876317687335,0.06497731349061708
Clic5,0.06817235741050122,0.018082936985608623
Clic6,0.9147739753423385,0.720831290749321
Clrn1,0.3348794593593353,0.02551636288976201
Clspn,0.14460120885185943,0.007996166015417569
Cnga3,0.16796340416693598,0.004997559425616147
Cngb3,0.2560430892939844,0.011954396362286415
Cnih3,0.527238266736492,0.28302397112727995
Cnmd,0.3775668008081131,0.027595116026564098
Cnpy1,0.09714782953437126,0.001371982499033384
Cnr1,0.08964192423822016,0.03490088637960824
Cntnap3,0.16306492788584884,0.04196244963196273
Cobll1,0.2622307359107725,0.06309613610919686
Coch,0.3609864581955378,0.06004369262240569
Col11a1,0.370820919259429,0.14883676491592912
Col12a1,0.41510029233760504,0.05796578427547623
Col14a1,0.23629112888002013,0.011271783648006531
Col15a1,0.3121287744720264,0.09550071835231627
Col18a1,0.4146132668305747,0.16137499196901853
Col19a1,0.14028816791142207,0.0336006668473139
Col23a1,0.4179950711780124,0.23176958341585502
Col24a1,0.23733902390557257,0.06383741088526694
Col26a1,0.20751060731494203,0.10981993727773577
Col27a1,0.22432001097312407,0.060786773763116954
Col5a1,0.40176916760234394,0.21309018324304332
Col5a2,0.44618250632915885,0.03674033700800662
Col6a1,0.43963499807109485,0.288069191862862
Col6a3,0.2254182444925997,0.021792805650478596
Col6a5,0.5833189981387015,0.09209928293970777
Col8a1,0.8073632274422415,0.41682790818300886
Colec12,0.3678029897913051,0.03880592009409236
Colgalt2,0.11491339913409807,0.01092115084467109
Comtd1,0.12662425781894313,0.02726035263962533
Corin,0.19224401563470783,-0.0025628217913598534
Coro1a,0.4012497236223083,0.25509402551752897
Coro6,0.3684396098739411,0.21509200741424853
Cp,0.31494191329406235,0.014362589977457173
Cpa6,0.2808547050928446,0.0046312075319515445
Cplx3,0.15596505217506576,0.11156270550887662
Cpne2,0.5937038720555434,0.29706509663479347
Cpne8,0.6240825019589379,0.031087942979690912
Cpne9,0.4986357883145383,0.28085363883866776
Crb1,0.2713448002229083,0.007604424227493646
Creb3l1,0.6716859596058753,0.21269552098161906
Creb5,0.650962958123246,0.12134940751759055
Crh,0.14736820517602395,0.03227923591202589
Crhbp,0.13689380588562738,0.030069555195987425
Crhr1,0.43530223890349096,0.26595588071860893
Crhr2,0.7158275684765901,0.3506169815545937
Crispld1,0.40274733709622346,0.013873383775365424
Crybg1,0.3547028824483541,0.007054231537114573
Crym,0.7235566301877833,0.4911345418640459
Ctsc,0.31399048353797454,0.008526844632742113
Ctss,0.041890597704498836,0.018268693731811374
Ctxn3,0.6574082531127244,0.44065080887895963
Cubn,0.22330366904462812,0.03535728433118002
Cux2,0.5950585186618306,0.38598729038337537
Cwh43,0.07548833194045172,0.018438727823568386
Cxcl14,0.23468694302459142,0.12819702271144884
Cxcl5,0.10252434949344118,0.004985998052022281
Cyp19a1,0.1722439162308189,0.012588266514861451
Cyp26b1,0.43974293503684736,0.16929641526382436
D130009I18Rik,0.052155107342932105,-0.00023763434266900433
D130079A08Rik,0.15532340191605595,0.005096432662192562
D430036J16Rik,0.25255376343054775,0.0071382326551559456
D7Ertd443e,0.6615534547179488,0.11969101247246015
D930028M14Rik,0.24184206050264134,0.002421996215175332
Dach1,0.2704156635289613,0.015753198345601953
Dach2,0.276893064540096,0.0067727570584762775
Dbh,0.29946613428573937,0.01745215533321425
Dbx2,0.22321571962617984,0.022648598157357612
Dcdc2a,0.4683509402903475,0.08467998645937859
Dchs2,0.3866058102677436,0.1319958060607087
Dcn,0.5525866713919616,0.2571917073981069
Ddc,0.43938989470074685,0.13013270891869377
Ddit4l,0.6185684267585178,0.11148466455480456
Ddo,0.5666589309745345,0.13745923906073187
Ddr2,0.6002808905632667,0.04686205838487705
Dgkk,0.34281387021869486,0.045330426132041475
Diaph3,0.10622500051044316,0.004049196330542128
Dio3,0.4230708047821582,0.12197179364917385
Dkk2,0.28303822957134916,0.048651115254772864
Dkkl1,0.18483850137458263,0.22536984208688918
Dlk1,0.47955864289048517,0.16791844835771966
Dlx1as,0.06658479834727965,0.016556312080353453
Dlx2,0.11275495207493791,0.04185745112702086
Dlx6,0.09587381519463109,0.04932567271865778
Dlx6os1,0.05903923191806031,0.014202383037727464
Dmbx1,0.08252190701364036,0.007750626881863356
Dmrt2,0.13276854096323162,0.00895903584838035
Dnah11,0.7460723994199702,0.24602288477021422
Dnah9,0.639695181480474,0.19767608784950705
Doc2b,0.6427545162610667,0.29985988512104517
Dock5,0.6323918727111569,0.15377955526074882
Dpf3,0.34147939300106467,0.24256321115402577
Drd1,0.3692932540256459,0.1807482473881771
Drd2,0.22875198987522646,0.13258908031034358
Drd3,0.10655629681369713,0.0027123897551445814
Drd5,0.49432897172603635,0.0884029143747354
Dscaml1,0.48345407157531295,0.24353405149471938
Dsg2,0.47441056166515416,0.010789917892499404
Ebf1,0.13631503989789065,0.020777092823653014
Ebf2,0.17396335461577445,0.03631470532077652
Ebf3,0.4250221496162552,0.23023172265391026
Ecel1,0.4140670347819828,0.354941669435462
Ecm2,0.28411927732316566,0.02330437343648415
Edaradd,0.18730532279075626,0.0015045505294201385
Ednra,0.3203302273007024,0.011534100220377472
Ednrb,0.2131924840216883,0.04046295355556958
Efna5,0.3335361121718347,0.0933200023154577
Egfem1,0.6374888365626691,0.17749211932668083
Egflam,0.1460537840231137,0.014183939452916199
Egfr,0.18571083624648063,0.023908034988669367
Egln3,0.2615187757706031,0.03284468763807487
Egr2,0.4372021332502049,0.058644975998878766
Egr3,0.6605462377264585,0.3523348438395019
Elfn1,0.13534257830800253,0.040934884311691865
Emp2,0.4874466926616877,0.037409682923663964
Emx2,0.382728337687365,0.054335909830558145
Emx2os,0.24510897134237367,0.022451689794853107
En1,0.0804441234893696,0.007299615305428233
En2,0.2919282539497738,0.0561915437874535
Endou,0.17101421781797435,0.005229387646340074
Eomes,0.05892581002016141,0.00016279545841860408
Epb41l4a,0.37663640484524946,0.08828918380096828
Epha1,0.26995699847412963,0.14573664210550794
Epha10,0.5318827467818659,0.21226123511840977
Epha3,0.49693617181627997,0.11313068951221994
Epha4,0.746584074799474,0.37531034403998526
Epha6,0.7638661260870659,0.4188717997762708
Epha7,0.7698563322644687,0.3271911815107165
Epha8,0.4367741336733731,0.2552033308971911
Ephb1,0.49563738559082826,0.11146560080637102
Epsti1,0.13140246385222934,0.0040876285338780505
Erbb4,0.08600420867674756,0.021700822247771683
Ermn,0.7443023172360013,0.23435062788474595
Esr1,0.41167779364328827,0.17556008788199945
Esr2,0.08690626571462501,0.006793848648722813
Esrrb,0.27012040039781493,0.007715072034393661
Esrrg,0.30535203102667496,0.022739343748482944
Esyt3,0.44902330656404155,0.27596243955132377
Ethe1,0.17677539453234306,0.021408500250301162
Ets1,0.15873198001819652,0.0321671655307353
Etv1,0.48728761248653596,0.10129978330202606
Evx1os,0.13856835969857142,0.01155465312342427
Evx2,0.10490173882240553,0.0032975022793252
Eya1,0.3257554320766342,0.07500045603271889
Eya2,0.49183627021856724,0.1259796457280692
Eya4,0.13628214824747956,0.0012512371738632572
Fam107a,0.4571833132701251,0.1349576422810589
Fam122b,0.21162570603441466,-0.00012382464511661033
Fam163a,0.29713316344481455,0.05175547631480671
Fam20a,0.1864270782683032,0.041061962682482064
Fam43a,0.2978943731255467,0.08377273838603899
Fat1,0.525881861154155,0.1091435364253688
Fat2,0.12460485302941676,0.006505778039911924
Fat4,0.5538483410856745,0.08146520333022178
Fbln1,0.7041411989368626,0.2877735872506449
Fbln2,0.308536353970559,0.062102596755978255
Fbln5,0.3409415429117787,0.010813972709140923
Fbn1,0.5200675123294192,0.04706822014565664
Fbn2,0.29754487387789325,0.04021030956256482
Fbxw13,0.15745089722914982,0.003261944881429585
Fezf1,0.30339611968233793,0.012223371696798963
Fezf2,0.43040871279071535,0.24290322690092625
Fgd5,0.11133087285007942,0.033996955015115
Fgf1,0.6384529707269649,0.1103126343725876
Fgf10,0.4009742483442902,0.010337613310080552
Fgf11,0.4333171971370662,0.08834240782017234
Fgf13,0.6312060915672284,0.21971411699756205
Fgf18,0.4466659016251863,0.08486665985261913
Fgf3,0.21867539352050888,0.006841942254924943
Fibcd1,0.8678345026823715,0.6200048119599725
Fibin,0.361605474801923,0.09086728955824284
Fign,0.32494381645689885,0.049876648947268336
Filip1,0.4660041167408804,0.10555561357626278
Fli1,0.15706471192026164,0.04051972657946796
Fmo1,0.39798476641816444,0.10919122205580396
Fn1,0.17632996194327408,0.1032696339342068
Fndc1,0.4351311116663762,0.13806486829796108
Folh1,0.46988988917430147,0.027358186889712564
Fosb,0.2783659691752182,0.04273337509525553
Fosl2,0.5958681870719167,0.1793234366026342
Foxa1,0.38926760841342717,0.15514138006772216
Foxa2,0.06526026906137784,0.0028718933837648965
Foxb1,0.4269301705300996,0.1311780592186894
Foxd2,0.4263241640321461,0.024256639676528528
Foxo1,0.46236962626373257,0.05984972928853738
Fras1,0.46982962442674236,0.2213131402933222
Frem1,0.6640548645918614,0.177808713578986
Frem2,0.2041284401952482,0.01905406718068784
Frem3,0.2995570991197956,0.025904608025117425
Frmd7,0.1807900934700047,-0.0006454253360469981
Frzb,0.4822092905498863,0.019415558315598568
Fst,0.327330887835126,0.038052537217423105
Fstl5,0.40283030225235694,0.12394565535672732
Fyb,0.08073729388868768,0.00856533653302802
Fzd2,0.19932626216729846,0.03438959506881596
Fzd5,0.5426274037515835,0.1922422121154921
Gabbr2,0.4425612453047734,0.2809236655451578
Gabra6,0.046297972629396215,-0.00013487887922693229
Gabre,0.389752815180128,0.01136258895799636
Gabrq,0.3579146383799464,0.0974130177039299
Gad2,0.10319544044076438,0.06321340615390222
Gal,0.17778910193049005,0.05256350749738695
Galnt14,0.3060486927260645,0.20858889661586902
Galnt18,0.53615294816945,0.2945258500790156
Galr1,0.2750586453549071,0.06929172665864508
Gas2l3,0.21950782686481357,0.003951054220131837
Gata2,0.22638031377161116,0.029452750084523985
Gata3,0.13892106651968344,0.017281814635388866
Gbx2,0.3256802376236323,0.2099742832627281
Gck,0.4684682687024033,0.23401796358004437
Gcnt4,0.17898592686544385,0.0610380976022163
Gda,0.5153116764760155,0.20906240997923423
Gdf6,0.3910610765123841,0.14023008093368192
Gem,0.15459082492279658,0.006028736623835677
Gfap,0.5225308628112747,0.3936858033715279
Gfra1,0.36092358467701496,0.18653016339750578
Gja1,0.21009314646990776,0.08329985991686005
Gldn,0.16169427500291292,0.012047684709346916
Gli2,0.08869488442380975,0.011151644729623702
Gli3,0.17515339189262763,0.042557867156637987
Glis3,0.7180164001306236,0.13009731406175726
Glp2r,0.3259068216925343,0.007197571255816334
Glra1,0.48612553623583493,0.32568517105642053
Glra2,0.25983652985551925,0.006391861025971617
Glra3,0.3863898890413611,0.07224469758896788
Glt8d2,0.4694250887502975,0.08772588336701141
Gm30564,0.05681658576196794,-0.00038827015770378755
Gna14,0.16588527954731727,0.00707496216049281
Gnb3,0.36918330337040184,0.0053604067576952
Gng8,0.5071661250055188,0.06508786780580054
Gnrh1,0.09849427541454822,0.0036842896275522258
Gpc3,0.4415048305058717,0.029818145109876164
Gpc4,0.5940263442316249,0.09568946363751205
Gpr101,0.3670207299582694,0.047556626179055414
Gpr139,0.1997716393224033,0.016226996612242604
Gpr149,0.13320719162156575,0.012505835935916764
Gpr150,0.255910841198583,0.016568625124946414
Gpr26,0.3998844492488045,0.2764864799923868
Gpr37l1,0.22338052910403963,0.07564337502834524
Gpr39,0.2380814304356407,-0.0011609387148379005
Gpr4,0.1236357892088584,0.012103312807616026
Gpr50,0.36293100760450897,0.0050961838470622595
Gpr6,0.3210575516979901,0.022737238495860387
Gpr83,0.4335123376880341,0.17243049487919443
Gpr88,0.551998084679546,0.2727803670779941
Gprc5b,0.6584492281754998,0.2463148545128762
Gpx3,0.601154983531885,0.2954107114905775
Greb1,0.2739968519948333,0.017154667219683957
Grem1,0.3992127710694037,0.14920864568962042
Grhpr,0.4946036942991481,0.08444047583872319
Grid2ip,0.3004268416308664,0.2304510709046437
Grik1,0.12440268955023745,0.02960486610078698
Grik3,0.37172638019682297,0.24248361922408737
Grik4,0.5499733192599757,0.4406031288625004
Grin2c,0.17937636091418746,0.06128607464011245
Grm1,0.42421748312689683,0.1800549147004226
Grm3,0.5752489389793685,0.14299117925079227
Grm8,0.3468846416339006,0.12378561338428808
Grp,0.47155697273426295,0.3333492535027423
Grpr,0.22478192152490106,0.005149748884573065
Gsta4,0.5132457371999994,0.17942485921143042
Gsto1,0.2910448523363795,0.04291269236369369
Gsx1,0.08207993820650278,0.023208203752692416
Gucy1a1,0.6102524486955798,0.2930839238987812
Gxylt2,0.4311835594653095,0.028066502330804315
Gzmk,0.20017377906866357,0.002084225772796772
H2-Q2,0.22463455091173617,0.13278702513133778
Hapln1,0.13528127608820759,0.011552102127328942
Hcrtr1,0.2217900419646422,0.021506496163579667
Hcrtr2,0.11910853587043989,0.023437923659726422
Hdc,0.3229901745773702,0.08229445867864466
Hgf,0.28182568018712023,0.030399701596419536
Hhip,0.6301639532326674,0.018953834148291108
Hmcn1,0.10946283259142212,0.007907054665717304
Hmgb3,0.30825749304879635,0.020978046059857376
Hmx2,0.09984730402662448,0.012149229105618971
Homer3,0.560690290179031,0.36796985740639043
Hopx,0.6691422083465594,0.17204755180044964
Hoxb3,0.29793977089277845,0.0034464928096734865
Hoxb4,0.04335807840122813,0.0059998657515097096
Hoxb5,0.14239902099349774,0.009762246133210924
Hoxb6,0.18418352737479887,0.004964284994220486
Hoxb8,0.04900425759984507,-0.005155199225807399
Hoxc4,0.13588086607730104,0.009180455678652371
Hpgd,0.11248419416238957,0.004187279814319315
Hpse,0.07517920057255884,0.0006058297149396143
Hpse2,0.1038618369511643,0.015665878101167534
Hrh1,0.2161969422606436,0.061160771497962195
Hrh2,0.34869239340898495,0.11266258380822397
Hrh3,0.34690515371809816,0.15464323433750357
Hrk,0.5673994397776778,0.1145105982948369
Hs3st2,0.3652113264156813,0.22804560801706528
Hs3st3a1,0.12067568797301904,0.00047599148306862036
Hs3st3b1,0.16730404937732252,0.014418158337325083
Hs3st4,0.5116065921220057,0.38150984832430884
Hspb8,0.5124125386554419,0.06641404828097858
Htr1a,0.6495856441217062,0.19530544372202363
Htr1b,0.544318682792412,0.2321997043213252
Htr1d,0.16084790885702052,0.009856996951779735
Htr1f,0.22542778888084936,0.05469675366673577
Htr2a,0.18663845520529587,0.015915112578859424
Htr2c,0.6065527015380959,0.11498524041185369
Htr3a,0.04655771596351613,0.01354408973771388
Htr4,0.5827121874713274,0.044259245058459344
Htr7,0.4791647781784165,0.1883517012139297
Id2,0.5684428390157666,0.23015838908568648
Id4,0.4564316044059085,0.10990211767811763
Ier3ip1,0.2690078692363752,0.026540665388990317
Igf1,0.09828175898661569,0.014339209411012731
Igf2,0.8750065614318785,0.6364526489410699
Igf2bp2,0.17529846455673787,0.0190175726168082
Igfbp4,0.4805195801589026,0.28228887164553984
Igfbp6,0.6078070123919941,0.33022661917074814
Igfbpl1,0.17938726251365694,0.19466226771129955
Igfn1,0.6301379778061541,0.28049679989240456
Ighm,0.7075715211508286,0.3252544818730013
Igsf1,0.3240399554831194,0.1331310340902637
Il1rap,0.4871437654893801,0.1348424185372903
Il1rapl2,0.12144007546110529,0.04367372707267144
Il31ra,0.20059459316313585,0.01717575077918896
Inhba,0.4073714847633226,0.03438221365218254
Inhbb,0.3920645729721514,0.08454323977822611
Insm2,0.22979469660596283,0.010788229202728162
Insyn2b,0.11855668928701857,0.01903654125585142
Iqgap2,0.8188033686845723,0.47620676911939336
Irs4,0.625172949843026,0.3925179590640592
Irx2,0.3174442014209263,0.1291562682818836
Irx3,0.5630780309444074,0.1967610722605686
Irx5,0.5046590526482686,0.19791096921891518
Irx6,0.23017449876849494,0.16834058195765175
Isl1,0.34657974385103546,0.14309664752468354
Isoc1,0.377687168007839,0.014454251272279839
Isyna1,0.47881113511974566,0.16155878626574444
Itga2,0.11245597837079294,0.0019538181556233974
Itga4,0.4129173508534636,0.014723939210756846
Itga8,0.6534948988763492,0.15628430004534463
Itga9,0.13800579505077243,0.00974743530486313
Itgad,0.09135165155966789,0.0014617701258518565
Itih3,0.3205066056961887,0.25382123477868096
Itih5,0.19849779894242375,0.05790858469648121
Kazald1,0.20094240512767633,0.04481954555506519
Kcnab3,0.4932276073336333,0.21222513214048352
Kcng1,0.5713082103005719,0.2694423320226794
Kcng2,0.4977608914748395,0.15979464161711765
Kcng4,0.23522464575241614,0.34448354497631467
Kcnh3,0.5234855518081442,0.33233898034362847
Kcnh8,0.1146811987139688,0.004309373966772382
Kcnip1,0.13748919471488444,0.0361070270010171
Kcnj4,0.4624683205087623,0.3103740940704164
Kcnj5,0.2717477747375423,0.10973002199367472
Kcnj8,0.05375469299626578,0.002275779362044701
Kcnk9,0.4371355200081213,0.19506028242840642
Kcnmb2,0.45477325565023946,0.01383081191877944
Kcns3,0.20370772948093496,0.08821229047571158
Kctd8,0.2093840043813851,0.09661881087752282
Kif11,0.2606824428735628,0.011568365002478908
Kirrel,0.4429810407809365,0.05621104343930695
Kit,0.15336401012501616,0.0332660984163557
Kitl,0.3578621510044944,0.023470721844082495
Kl,0.8926698715253352,0.502112825248962
Klf5,0.5450472645468224,0.17521475144445628
Klhdc8a,0.0761277433933294,0.03867155280495356
Klhl14,0.20229272958543587,0.04630966541931124
Klk6,0.6434065918090112,0.061601446529116276
Klk8,0.4351606082891621,0.2619978243391517
Krt12,0.15023717929477234,0.04409624028821479
Krt9,0.5582823952834786,0.2133325933551989
L3mbtl4,0.3437394259430788,0.057970115810588155
Lama1,0.5499016606621747,0.06296005293213439
Lama3,0.33130727437601853,0.0892791440305102
Lama4,0.08641705934932312,0.021912943783641416
Lamb3,0.14765458084417676,0.01852291951534129
Lamc2,0.2571634793423653,0.08647220812102474
Lamp5,0.6373293577168688,0.37019998853155983
Lancl3,0.15272233898889145,0.013483980749792415
Layn,0.27793389966738524,0.028089396658323433
Lcp1,0.13327506778560383,0.006731429053409121
Ldb2,0.5206494885956999,0.2483488307304343
Lef1,0.1722921393754918,0.09560107959739365
Lemd1,0.08553529159370957,0.04763368977472553
Lepr,0.48773768495604464,0.038225942694868446
Lgr5,0.18767878416834663,0.01934298128928344
Lgr6,0.2118579554739329,0.04845839898970194
Lhfp,0.29331259563234807,0.10247424900947702
Lhfpl2,0.302586972234795,0.036902257605611055
Lhfpl5,0.1587804428009312,0.05909497975246553
Lhx1,0.35672784098877197,0.07214681754720904
Lhx2,0.5757101790187868,0.2585880335150363
Lhx4,0.19872541118245182,0.00023034744968495604
Lhx5,0.24596451528596774,0.07565877371001933
Lhx6,0.08708523208484735,0.03840906481410289
Lhx8,0.15060594243659808,0.00262714509243013
Lhx9,0.5134258704193608,0.18009168020032124
Lipg,0.2876857136660292,0.02464081603145357
Lmcd1,0.2886385642180304,0.02831368743116039
Lmo1,0.46903128732854704,0.24333262843095504
Lmo2,0.18853109208047097,0.04136410939161254
Lmod2,0.07185676645338024,-0.0014290658241721227
Lmx1a,0.4604223538060611,0.26802187746953743
Lmx1b,0.44473026657781073,0.36040884572218423
Lncenc1,0.29614093707071104,0.10648050165266078
Lnp1,0.25610300353098525,0.012688260981035017
Lpar1,0.7655700770711855,0.24306511259227775
Lpl,0.5745456764504723,0.1205072828451431
Lrat,0.2196316048888641,0.016607193903927942
Lratd2,0.7498672996489966,0.2606878287066668
Lrp4,0.35155363344437646,0.10685200033514775
Lrrc10b,0.709212188437597,0.4105585921617044
Lrrc38,0.28644267700069176,0.041225031147172214
Lrrc55,0.5317568440460522,0.18765330026974072
Lsp1,0.14211336072770472,0.01039926779722174
Ltbp1,0.2802768018244224,0.01708217643608761
Ly6g6e,0.19049426220641774,0.009864878156430444
Lypd1,0.6509723314035676,0.4876321522274285
Lypd6,0.34366841346276666,0.10906914633908762
Lypd6b,0.4057924234091261,0.2153200014793219
Mab21l1,0.08355199160545032,0.04536167140347777
Mab21l2,0.47751569038444985,0.12898493990693888
Maf,0.16696050644553653,0.0810098515828331
Mafa,0.33608203073698134,0.05316640583927465
Mafb,0.06830614072218878,0.033049731116274565
Maged2,0.37044085558804635,0.08280281788959291
Mamdc2,0.4783655638823289,0.020687702799266953
Man1a,0.6704600370844025,0.13851050491194392
Map3k20,0.30372573487460364,0.14163952885981843
Marcksl1,0.5535184273885416,0.19513180265021543
Masp1,0.11888459450664583,0.024854253348173434
Matn2,0.6432050756841751,0.23670238236384625
Mbnl3,0.09499524755563442,-0.0009398945435252741
Mc4r,0.49125358254776164,0.017243921992917254
Mcm6,0.2241625575316943,0.002536818604999397
Mctp2,0.2357456654854983,0.022090780643074837
Mcub,0.3000631163855184,0.0103528311823108
Mdfic,0.4090484115774439,0.014949867770608735
Mdga1,0.5430584400987879,0.254241237441884
Mecom,0.3166881432820409,0.030931259121305597
Medag,0.25372658247896424,0.06884617278941818
Mef2c,0.6545903044546466,0.37202982557520625
Megf11,0.20325094690953308,0.1532297013931675
Meis1,0.4342339852454117,0.04133028896230136
Meis2,0.49969786814979833,0.2511311826340914
Meox2,0.13370896552921582,0.00884954060953741
Met,0.42414924732544806,0.05005271583490713
Mfge8,0.2686883197511724,0.11127206685744989
Mirt1,0.15238988299347367,0.012492147575431142
Mkx,0.5776387672946172,0.23791030673514427
Mme,0.14080761674904677,0.003912211264647612
Mmel1,0.11888613161070445,0.02150974129565123
Mog,0.7388952488719253,0.2925187039084489
Moxd1,0.19277134566158777,0.05835366755065025
Mpped2,0.5220894756163087,0.10946959044134955
Mrap2,0.35645045082222016,0.038487287659475115
Mrpl16,0.3488481001322231,0.05382279629026948
Mybpc1,0.17606856571516594,0.015400502680016519
Myl4,0.27329046674683416,0.18462091166514116
Mylk,0.5089538283234099,0.12712445530691918
Myo3b,0.11368104660500938,0.008066020159399218
Myo5b,0.6156363731159892,0.3342917194135368
Nbl1,0.6452938627403173,0.22218604848840898
Ndnf,0.11159385005118584,0.07730206285072456
Ndst4,0.5724115842811953,0.1276053648306907
Necab1,0.4876334866748661,0.07001950557019652
Nefh,0.40221565246018015,0.221514880330395
Nek10,0.5556667009759166,0.15554259961886804
Nell1,0.5804941041706718,0.24481504961234263
Neurod2,0.7562453694009754,0.5073040371459909
Neurod6,0.806228013632803,0.485491170309568
Nfam1,0.08949104531164846,0.010673725706979805
Nfatc1,0.25084669730873943,0.029538332280386947
Nfia,0.4287403353867895,0.030756606492183616
Nfib,0.6142927178037767,0.14924535658648352
Nfix,0.5393389592482745,0.2032524830222835
Nfkbib,0.15142703453948725,0.016279799563035293
Ngb,0.4813748761292323,0.23014076979007267
Ngf,0.13203327712832932,0.020899702485575194
Nhlh2,0.20609214093296568,0.028540437228068274
Nkd1,0.27530676855218683,0.041400113136138686
Nkx2-1,0.49708893613721833,0.23749487084386228
Nkx2-2,0.12738525058414432,0.03302751445024071
Nkx2-4,0.29643779068139753,0.1501730839261586
Nkx6-1,0.22355430654157388,0.030884351994233904
Nmur2,0.24618353145136768,0.0031067675166836796
Nox4,0.3118262778360815,0.02064256480475278
Npas1,0.053504250366436,0.01670216589038818
Npas3,0.2801813709511729,0.035845806713279076
Npas4,0.4319056940861199,0.09413685849507208
Npbwr1,0.13131019222338,0.01415699697025978
Npffr2,0.10027640270062194,0.00948117146451423
Npnt,0.5066537152902746,0.15917907159027805
Npr3,0.579989830980518,0.1082440886401417
Npsr1,0.2641007015187167,0.04680451634597399
Nptx2,0.5000045838960361,0.1418574832556758
Npy1r,0.5298972769448317,0.08484997281734849
Npy2r,0.589925628422962,0.11800502592492126
Nr2e1,0.1976370520950994,0.025784144029239328
Nr2f1,0.604302519914035,0.2703536435097148
Nr2f2,0.6678019607174204,0.20362660728410334
Nr4a2,0.4262891442899284,0.1896688683129446
Nr4a3,0.7161010161374405,0.1649780291250993
Nr5a1,0.040061310363477605,0.001956936738852299
Nr5a2,0.39816075293146813,0.005033896048228958
Ntf3,0.3621024284194398,0.07763166485303853
Ntn1,0.30087213733267215,0.052610518572754575
Ntng1,0.3394692368071575,0.10781120943589881
Ntrk3,0.5105269110888236,0.3497025414956776
Nts,0.18423039768381805,0.08016865631290485
Ntsr1,0.29594343529509337,0.07644514506635644
Ntsr2,0.22975112163417227,0.09018222586522148
Nudt14,0.271819860849646,0.058842551293683557
Nwd2,0.44216953079081245,0.10310919525072966
Nxph1,0.22511118836060137,0.09813371554320328
Nxph2,0.15564551530948711,0.004830956841999328
Nxph3,0.30073320260818037,0.18691013237570658
Nxph4,0.39876408285347203,0.169912012443084
Olig3,0.4069168755638292,0.0896896122729362
Onecut2,0.4762789980111674,0.008559956061489534
Onecut3,0.5228426399263528,0.007491621355194587
Oprd1,0.2615997891224215,0.09805404946076617
Oprk1,0.2361799725679917,0.06108406812139283
Oprm1,0.24087944262592306,0.07969942549880982
Osbpl3,0.2924514339427563,0.06882236163603148
Osr1,0.5891373837379656,0.1246382810520967
Otof,0.5152956815452227,0.31908592921020584
Otp,0.3621488909086888,0.1289713746174712
Otx1,0.35632385774716907,0.06756426606717923
Otx2,0.8320379558112717,0.43469020940962966
Ovol2,0.23827353591880643,0.2320187372442522
Oxtr,0.39895797599141763,0.02534342567338364
P2ry1,0.39402754672910983,0.03186819958196265
P3h2,0.4167640651015928,0.04774448435285848
Padi2,0.7196180920049212,0.20593821653180341
Pafah1b3,0.3055036940748468,0.06823008546896979
Palld,0.41324775186867624,0.048110905660815356
Pamr1,0.4791549690133359,0.1573959194020398
Pappa,0.3318684295010323,0.0208491150567126
Pappa2,0.13995921418920507,0.006114555663644468
Parm1,0.34976604751959084,0.1421563721007613
Pax2,0.20998918358135066,0.012307079701748838
Pax3,0.5221655831001616,0.30181223450625866
Pax5,0.11605870007632672,0.0014483971271705277
Pax6,0.3289434708044433,0.1623035242614733
Pax7,0.04522466098057621,-0.00022282098828175118
Pax8,0.0775207617872831,0.010177505194719617
Pbx3,0.3376707879516456,0.11114573888709872
Pcdh18,0.1409428433255467,0.008667100177548261
Pcdh20,0.6164103002546186,0.0161261876361788
Pcdh8,0.5800169974809506,0.24981788678378822
Pcp4l1,0.5062526905312903,0.3904412320777554
Pcsk5,0.3939283924084575,0.055326563992970014
Pcsk6,0.38790628622868223,0.11453644666450838
Pde11a,0.376352153359241,0.17642661908492743
Pde1a,0.44091091769597607,0.15365124802050306
Pde3a,0.27159407692821785,0.03330166402756766
Pde5a,0.16114815412198083,-0.0007690487658547042
Pdgfc,0.39028767898418454,0.022189528423539277
Pdgfd,0.05592258568264069,0.011636383085789737
Pdlim1,0.526604746368231,0.0800695587706118
Pdlim3,0.3944543238373244,0.05236864790832572
Pdyn,0.27947873232813386,0.10845783216804587
Pdzrn3,0.6170361604406246,0.3476719571961664
Penk,0.4584154817500662,0.22191519794429804
Per2,0.6014390298383362,0.1372142779500665
Pgm5,0.40611148396177804,0.008576333620349609
Pgr15l,0.09548680266024498,0.005365417320736144
Phox2b,0.03040332313303849,0.009459043627030138
Piezo2,0.4093855444834606,0.013735042504869843
Pif1,0.08972412763649394,0.0002279829232242902
Pifo,0.6075704059253552,0.09085328653034408
Pim1,0.29135585216910287,0.013778701678168123
Pirt,0.09145509963909502,0.008182456802801321
Pitx2,0.3076144476895802,0.23765979289553815
Pkp2,0.7185523757358675,0.2727512345422423
Pla2g5,0.6011620256286284,0.2662626964446059
Pla2g7,0.3470080009034944,0.04817620165870686
Plagl1,0.46684961470642766,0.1258374252102493
Plce1,0.343688234185437,0.059172067912210836
Plch1,0.4506312607465278,0.07196116274182439
Plcxd3,0.33291437786293576,0.14286165464983894
Pld5,0.40475474416260804,0.05086268419353718
Plekha2,0.48757763923029546,0.06117097391346905
Plekhd1,0.34990001946964683,0.1684518059680392
Plpp4,0.19022023698021392,0.04613893665748032
Plscr4,0.1775895186874353,0.002915482105912324
Plscr5,0.10631709365379456,0.0007858487787771032
Pmaip1,0.1606285854317598,0.00494593287646105
Pmfbp1,0.10050542802706763,-0.0011230440481836555
Pnoc,0.06262319250285023,0.031229082711848016
Popdc3,0.23188777301228747,0.05885525430465934
Pou3f1,0.6991970722007724,0.3915139761100932
Pou3f2,0.42658610393253404,0.1117152575738658
Pou3f3,0.48344092663001753,0.21431103767049678
Pou4f1,0.28046381399552117,0.022061276492459037
Pou4f2,0.10082126894666332,0.00332676853760966
Pou6f2,0.15701044513965132,0.07558160169004151
Pparg,0.487928814459117,0.13203238054612007
Ppif,0.2153257297042479,0.04524234876506065
Ppp1r17,0.22838031294843594,0.05973277428674694
Ppp1r1b,0.7297896572137619,0.586881505847666
Prdm12,0.19417079697199335,0.011235616937300342
Prdm13,0.1741577316605089,0.0031307577285583066
Prdm16,0.6452532647772172,0.24852374224971707
Prdm8,0.664120739134144,0.32195557904011785
Prkcd,0.39012629310143265,0.3406635470135116
Prkcq,0.3767330527050869,0.04751202904454974
Prkd1,0.346034838145935,0.02453741657229005
Prkg2,0.421089679364342,0.08649049349749661
Prlr,0.8900940687474226,0.6156147834381829
Prom1,0.1229418996668664,0.013036526319459047
Prox1,0.661391048253272,0.0780316288920215
Prph,0.370628983825252,0.11918616053111852
Prrxl1,0.24588690662372087,0.00020594517932463356
Prss12,0.42546096949348,0.1733738741965347
Prss22,0.08036676216938901,0.036971969341022176
Prss23,0.32710294605551016,0.04067680015041709
Prss35,0.4425517199467604,0.16590465590069728
Ptger3,0.23429228481065614,0.022037531983260063
Ptgs2,0.5853996311237041,0.03649064093369916
Pth2,0.06218572669986085,0.14340308677706803
Pth2r,0.262632923269434,0.012052238763795157
Pthlh,0.24575668551189891,0.04299252576897778
Ptk2b,0.7748987501347355,0.5596980660984151
Ptpn14,0.5426300327508906,0.10728966737931317
Ptprc,0.061870472053522814,0.00893202264522639
Ptpru,0.49998497510711637,0.29104212389265155
Pvalb,0.22511447926035938,0.15167940289927007
Qpct,0.22073716011129227,0.014897193590008363
Qrfpr,0.17029898025232001,0.07455675822573014
Rab33a,0.3562389551059757,0.06617582501099628
Rab37,0.36570182717955085,0.0952205237373585
Rab38,0.3855870086349556,0.006183592897485007
Rab3b,0.30402784245424413,0.06258314930951335
Rai14,0.37362083036207994,0.10454464310801666
Ramp3,0.37210924226212927,0.17088607057191715
Ranbp3l,0.496433496822358,0.13356301934460216
Rarb,0.3549151738786447,0.07733765109560467
Rasd1,0.6929276347782223,0.4167162480559954
Rasgrp2,0.2757679098015144,0.07907046815311378
Rbm20,0.3614588296413765,0.05057184059655774
Rbp1,0.4422296685674824,0.03125471419902006
Rbp4,0.2573285529590209,0.08979269364615197
Rcn1,0.38421479888835486,0.05858539026293697
Reln,0.0875416587289681,0.04922032648243621
Ret,0.27959854710323717,0.14939521190974545
Rgs12,0.4684890218008836,0.13966718145070775
Rgs16,0.42533581192315106,0.19646650868542445
Rgs5,0.10372479637263755,0.02697081078568012
Rgs6,0.4348643272064147,0.25624266716531247
Rmst,0.565671669667094,0.23234795349337328
Rnh1,0.4912138567736106,0.06311482184005442
Robo3,0.5152285049537221,0.17776384673562926
Ror1,0.48991063078901453,0.018949869731361743
Ror2,0.2472787232213624,0.05190334299343874
Rorb,0.5353339890666038,0.07491638366238285
Rpp25,0.17896504505991687,0.05716617789299549
Rprm,0.5010773023823115,0.322201569093507
Rreb1,0.5348955459453737,0.31845352352187944
Rskr,0.5521803720047991,0.17669917523201803
Rspo1,0.5279063751220716,0.3369637950846088
Rspo2,0.37939431932612416,0.028230549728756105
Rspo3,0.3778094902291073,0.04134002679934014
Runx2,0.6283356642142197,0.2020903183817661
Rwdd2a,0.3081490838199485,0.02020071547500601
Rxfp1,0.2269136405064453,0.06680663136277651
Rxfp2,0.0687095877681313,0.0042514765782009365
Rxfp3,0.3174336696439254,0.13224930568815618
Rxrg,0.44789506509564714,0.1452827565088734
S1pr1,0.23530553378083574,0.08095788913935173
Sall1,0.18069079901602295,0.028077965374000383
Sall3,0.16840125090911306,0.07522964999126779
Samd3,0.19342173224364376,0.011863970640459893
Samd5,0.4622680339797109,0.1648979209605324
Satb1,0.49495854848326754,0.2520388599071123
Satb2,0.39357549564117983,0.30814353573744385
Scgn,0.20331605934664979,0.0014519349581489601
Scml4,0.39552072929262927,0.053886913371097855
Scn4b,0.4398695387591375,0.2065693238627795
Scn5a,0.35284585301805177,0.1535789778515943
Scn7a,0.3730534388772039,-0.002418463863398104
Scnn1a,0.4994017463159049,0.14199727538348914
Scube2,0.23540523128389243,0.05871732570448148
Sec14l5,0.6201645372177906,0.2147839587624495
Sema3c,0.11006194708446368,0.03654709574522317
Sema3d,0.17066619541619513,0.0017257870409325313
Sema3e,0.5606872092178278,0.05626832872487831
Sema5a,0.45478350681857904,0.051581909466682986
Sema5b,0.2597593987858969,0.13635033593305848
Sema6a,0.6124884890552632,0.13945868628372546
Serinc2,0.524911522897775,0.192279688802074
Serpina3g,0.2732962465631634,0.006759898851749601
Serpina3n,0.5161554609311598,0.27909902431982936
Serpina9,0.177857425555961,0.020498733952174362
Serpinb1b,0.46658631856316674,0.029050032965896217
Serpinb7,0.40090266056769647,0.007948354917034734
Serpinb8,0.4738311184986845,0.07319163806421487
Serpine2,0.42861163925157153,0.1724253095475281
Serpinf1,0.5082742795032882,0.20170445136069898
Sertm1,0.6028054036676482,0.04894325639408576
Sfrp1,0.5773598322433183,0.03750765325341592
Sfrp2,0.17373669163728575,0.07409857801412799
Sh3rf2,0.5036032146967898,0.10682069049943486
Shisa6,0.6906865739406166,0.23411359604391874
Shox2,0.4466442515250065,0.22341295269091127
Shroom3,0.5475986932341745,0.1957946194889465
Sim1,0.22942504402034744,0.01219684934423653
Six3,0.39114145094881175,0.1426468431182212
Six6,0.07541211332107327,-0.004761304928843696
Skap1,0.2904992484680119,-0.0030679825635874392
Skor1,0.197776139464599,0.0002492636261418725
Skor2,0.06075495620962495,0.006880293858104323
Sla,0.2317444577064037,0.024870265225932907
Slc10a4,0.09449387683571173,0.00524948805784284
Slc12a8,0.3108713629401176,0.02351314322927114
Slc17a6,0.3798441300412793,0.18921663913032544
Slc17a7,0.5864752444986934,0.419471099230829
Slc17a8,0.2364296206795344,0.08925638934537622
Slc18a2,0.3586922980075649,0.08629422029064364
Slc24a4,0.5381449703236895,0.20116775041832838
Slc25a13,0.5522166877475745,0.021940798832917916
Slc26a4,0.3059437304855754,0.022247780120417213
Slc30a3,0.5453223426637791,0.3521049152327087
Slc32a1,0.15331076683742378,0.10428271295179423
Slc35d3,0.150997129101306,0.07347770936400032
Slc38a1,0.3939709070546012,0.18956838742774773
Slc39a8,0.13704725200739212,0.007371361242398173
Slc5a5,0.47425463198703294,0.17144963621564363
Slc5a7,0.28565311331846976,0.0067872225390711765
Slc6a3,0.1805498542533265,0.14875238304727048
Slc6a4,0.15675769110911386,0.0022410181291622963
Slc6a5,0.11451642986261089,-0.0017079259737429273
Slc7a10,0.10138860895299136,0.09818906490926273
Slc7a11,0.3982458919788293,0.08280542231287896
Slc9a3r1,0.3327601018651991,0.06847141726674025
Slco1c1,0.14908301816200492,0.03524689990274655
Slco5a1,0.3596512689516055,0.013716510361320775
Slfn9,0.16029247992715331,0.015588862852021537
Slit2,0.5142890852994598,0.1097957496601469
Slit3,0.5634554764834995,0.36534640126928514
Slitrk6,0.17431283835062583,0.0039210854057239765
Sln,0.057500994754820636,0.003893884643805543
Smoc2,0.6743106736768204,0.25773301852320973
Smpdl3b,0.3540175895622557,0.07044340914856853
Sncg,0.3788041209597628,0.16634803290918285
Sntb1,0.6278409993098023,0.3846469870770425
Sntg2,0.298337900855734,0.042225890807141404
Snx31,0.22589649586301347,0.001149066524973682
Sostdc1,0.7977701599282733,0.4929809606451597
Sox1,0.25440318398549505,0.09636719263670923
Sox10,0.38905626178003994,0.2531285019656612
Sox11,0.5135933704622095,0.10418698591942258
Sox14,0.28160993185167427,0.0510424944344635
Sox2,0.45408821423303414,0.11410427363184003
Sox21,0.23391708354513008,0.03562641211479381
Sox5,0.34746652872030165,0.06936361103608377
Sox6,0.28403113031421456,0.03332442526241467
Sox9,0.45662276758058823,0.18217631306165055
Sp8,0.1813642877253684,0.014056779458464988
Sp9,0.19851729331500334,0.09619374162605207
Spag16,0.6211739825481595,0.02372637987293232
Spin2c,0.2618725258675442,0.06482586436000778
Spon1,0.4003908697129063,0.17599436666989543
Spp1,0.5603606438842963,0.18103263357256072
Sstr1,0.5665425578973078,0.2001442033988635
Sstr2,0.2898335231971969,0.1555641282513729
St14,0.12169079010559956,0.002816625758284912
St18,0.7288368455350326,0.12928443941869
St3gal1,0.3779378913732384,0.13072206759466815
St6galnac5,0.736772928521116,0.4432963160040247
St8sia2,0.44383776092911703,0.06937480731025791
St8sia6,0.3125478442919985,0.013398997772904927
Stac,0.5885402358226542,0.22000921898761283
Stac2,0.6991332781842041,0.3847451074437134
Stard5,0.2741380155582445,0.02357403445080451
Stc1,0.36612930113994574,0.03724499785591568
Stk26,0.3814076781067544,0.00023612696533543436
Stk31,0.10055422290233791,0.0016768521660859253
Stk32a,0.24514783521001543,0.04908579372092243
Stk32b,0.15268179696487807,0.0735792444390663
Stxbp6,0.6101019281894774,0.23310413988071702
Styk1,0.2464613278116081,0.009255471848202525
Sulf2,0.21459822908293444,0.13355074397287114
Sv2b,0.5395563534083476,0.3849451876495397
Sv2c,0.4594931049831397,0.22943990883613416
Svep1,0.13804382844793558,0.015416971237101678
Syndig1,0.5573837038326298,0.25788696217196916
Syndig1l,0.40958788240130006,0.2726129412600708
Synpo2,0.529074080333765,0.05945278805182767
Synpr,0.4743753214445663,0.17284748618370757
Syt10,0.5622266536908666,0.2526533352272559
Syt17,0.5630603264477495,0.32428569951590236
Syt2,0.2597691236771867,0.10110832320482621
Syt6,0.28677454724376805,0.28078538542879494
Sytl5,0.2098328860143161,-0.0032565711701036007
Tac2,0.33763258039743504,0.28224094728389504
Tacr1,0.3026989388640417,0.04801862755482512
Tacr3,0.28259033611770834,0.013807085128094344
Tafa1,0.6105094204232021,0.21681712835977035
Tafa2,0.5551870993546226,0.22920252832753596
Tafa4,0.17851006978833597,0.06946854970795882
Tal1,0.15609241005363528,0.021529429103216376
Tbcc,0.2838923511238476,0.06410848917596404
Tbx3,0.14715162558380968,0.013780531840978508
Tcap,0.2826808352570094,0.10298376282333549
Tcerg1l,0.37875378597274917,0.13429982748291242
Tcf19,0.21832152075833697,0.02951697569325015
Tcf7l2,0.6791729375627612,0.1853077121866453
Tead1,0.6281126163935523,0.014163994923216603
Tent5a,0.20893362105929772,0.010967933874530142
Tfap2a,0.21226107131887065,0.008354109017500971
Tfap2b,0.3601226109461041,0.0003808057442698996
Tfap2d,0.19221383104000433,0.04566391118962456
Tgfb2,0.39790661479933453,0.05040022751715959
Tgfbi,0.19207450140785723,0.06354672218511699
Tgfbr2,0.20799226470170654,0.06841440817924546
Th,0.18465484771751037,0.060279767325463106
Thbs4,0.3615749580045055,0.24749431427452176
Thrsp,0.4802808722937441,0.08366145179970946
Timm50,0.2901654528404511,0.030990576818047157
Tll1,0.27631038334008245,0.027366957843169656
Tmem114,0.4631095390296301,0.1992870695349895
Tmem132c,0.19738625981614866,0.06931045306037155
Tmem176a,0.27464702113270273,0.048247307267219215
Tmem176b,0.4976510316633606,0.13343021041117328
Tmem200a,0.6531139142202496,0.16340036185754894
Tmem215,0.5843168348938721,0.22292233947831647
Tmem26,0.11604539546332245,0.009753043383722133
Tmie,0.40927427762398066,0.08649125535248477
Tnc,0.29945124470870244,0.1038731493839131
Tnfaip6,0.7450928689621575,0.1972141238282485
Tnfaip8l3,0.40789940578351697,0.050093158701718286
Tnfrsf11b,0.2347064259122826,0.015061641938471067
Tnfrsf8,0.32607300887736723,0.1086826143613149
Tnnc1,0.15406487339146405,0.0830784650842461
Tnnt1,0.545543793205239,0.32999238322036584
Tnnt2,0.2574900468355688,0.10231237942659424
Tns1,0.35287508601403755,0.09126716717178905
Tox,0.4179520144785167,0.21698954844947696
Tox2,0.4833036726389189,0.1697988074500515
Tox3,0.4282074237987627,0.15203661524376175
Tpbg,0.34317206476634043,0.13628733867830664
Tpbgl,0.13071291016729802,0.02387631338824975
Tpm2,0.53577119795209,0.13719785675849702
Trabd2b,0.2914804164624369,0.04322062795326289
Trdn,0.28852820064982465,0.0034530253385374786
Trh,0.3296576907155673,0.12914923096216147
Trhde,0.47523589774943437,0.18124399657581397
Trhr,0.532133017131882,0.01670150980450223
Trim54,0.2075552364867168,0.01728659356827614
Trp73,0.3681461540908678,0.18047754145085176
Trpc3,0.1779838177601169,0.07783862364287852
Trpc4,0.6650569695294541,0.2843707771173705
Trpc5,0.5044032037475809,0.03630903309561912
Trpc6,0.5958327989772795,0.10959721413317289
Trpc7,0.3712741480713359,0.1351862314186187
Trps1,0.34008168271747097,0.07844851789404476
Tshr,0.3282907149948704,0.004486651842035638
Tshz1,0.41447780611973645,0.19754577458489103
Tshz2,0.6742401516756821,0.46640481994775346
Tshz3,0.5362521179479287,0.2591332044025272
Tspan18,0.4893157377989496,0.2247917912128727
Tspear,0.13844206679449697,0.003275268167026088
Ttc29,0.6605544974913442,0.3055733694407436
Ttc6,0.23973406471548434,0.008879659329042496
Ttn,0.18651766733262962,-0.0006244691416425269
Ucma,0.5449881908349152,0.12373741382509251
Ucp2,0.4635920219377003,0.41105471055788045
Unc13c,0.4232281474493255,0.151853502487016
Ung,0.20105423662368202,0.020705245331952213
Upk1b,0.09034428031659625,0.011607873254115275
Usp43,0.29453043485949637,0.04056103710054627
Ust,0.5768315432984233,0.13808159996130942
Vcan,0.12310280008143683,0.005238223450636116
Vdr,0.1806360211406142,0.009799121140854015
Vegfc,0.45964597170432747,0.010066313811651052
Vgf,0.2375867605217567,0.14967938077342685
Vgll2,0.1502933383170775,0.0014593798769520466
Vgll3,0.5285618554194145,0.05211088854626852
Vipr2,0.2718700645549684,0.12906821050069794
Vit,0.5832119814030103,0.12499131729999623
Vsx2,0.05116395780602081,-0.0012397948729817641
Vwa5b1,0.6673021000032003,0.457844736545917
Vwc2,0.2012846103126837,0.10956974936008415
Vwc2l,0.180387067199312,0.03836236458297343
Wif1,0.19117101075899812,0.05613949645551949
Wls,0.6171305863035301,0.13926090278347816
Wnt4,0.46054741245585423,0.2146011125308332
Wnt5a,0.42437602309722744,0.01699638339028966
Wnt7a,0.1849777865133646,0.055787228352835304
Wnt7b,0.33781056270536,0.059661138320251564
Yif1b,0.4289323460021603,0.04747378005943024
Zan,0.18211002850690572,0.018884940747281167
Zbbx,0.48466370427370964,0.023555617579486432
Zbtb16,0.5507147493783624,0.2372702639790961
Zbtb7c,0.4312640988864749,0.09248052784296758
Zeb2,0.7563285412149887,0.2858399970279767
Zfhx4,0.45727626011123224,0.17697343530357634
Zfp503,0.20357797493271568,0.01267351030196099
Zfp521,0.5545647109879938,0.06341497764742468
Zfp536,0.536991762217178,0.13275811110587918
Zfp57,0.2973951170931996,0.09347634070386927
Zfp618,0.3295006740320086,0.11515022081830832
Zfp831,0.5493889648522781,0.20744339752770366
Zfpm2,0.5090899670220314,0.18385138999596973
Zic1,0.5569727201788557,0.26637838952681286
Zic2,0.560818925647041,0.1722876299979246
Zic3,0.18925029515117106,0.022135198757246545
Zic4,0.5869183823560858,0.0865640858480947
Zic5,0.5534380478212281,0.10005803690417374
Zim1,0.41123484782137215,0.127569503434098
Zmat4,0.3728588827121888,0.05602263395986943
